{
  "lozmod:lozmod/rupee_blue": {
    "criteria": {
      "rupee_blue": "2020-03-16 18:19:00 +0100"
    },
    "done": true
  },
  "inventorypets:inventorypets/root": {
    "criteria": {
      "auto": "2020-03-16 18:16:23 +0100"
    },
    "done": true
  },
  "lozmod:lozmod/root": {
    "criteria": {
      "rupee_trigger_1": "2020-03-16 18:19:00 +0100"
    },
    "done": true
  },
  "astralsorcery:root": {
    "criteria": {
      "astralsorcery_present": "2020-03-16 18:16:23 +0100"
    },
    "done": true
  },
  "lozmod:lozmod/rupee_trigger_1": {
    "criteria": {
      "rupee_trigger_1": "2020-03-16 18:19:00 +0100"
    },
    "done": true
  },
  "iceandfire:iceandfire/root": {
    "criteria": {
      "tick": "2020-03-16 18:16:23 +0100"
    },
    "done": true
  },
  "minecraft:recipes/decorations/chest": {
    "criteria": {
      "has_lots_of_items": "2020-03-16 18:19:00 +0100"
    },
    "done": true
  },
  "minecraft:adventure/root": {
    "criteria": {
      "killed_something": "2020-03-16 18:18:57 +0100"
    },
    "done": true
  },
  "minecraft:recipes/building_blocks/dark_oak_planks": {
    "criteria": {
      "has_log2": "2020-03-16 18:19:08 +0100"
    },
    "done": true
  },
  "twilightforest:alt/compat/tconstruct": {
    "criteria": {
      "book": "2020-03-16 18:16:22 +0100"
    },
    "done": true
  },
  "minecraft:adventure/adventuring_time": {
    "criteria": {
      "roofed_forest": "2020-03-16 18:16:23 +0100"
    },
    "done": false
  }
}