{"stat.pickup.minecraft.rotten_flesh":1,"stat.flyOneCm":836,"stat.walkOneCm":8035,"stat.jump":8,"stat.pickup.bewitchment.yew_wood":1,"stat.killEntity.BrainyZombie":1,"stat.playOneMinute":1829,"stat.pickup.primal.plant_fiber":1,"stat.leaveGame":2,"stat.pickup.thaumcraft.brain":1,"stat.mineBlock.minecraft.log2":1,"stat.damageDealt":270,"stat.timeSinceDeath":1829,"stat.pickup.lootbags.itemlootbag":1,"stat.pickup.minecraft.dirt":24,"stat.sprintOneCm":529,"stat.mineBlock.minecraft.dirt":2,"stat.mobKills":1,"stat.pickup.minecraft.log2":7,"stat.mineBlock.minecraft.log":1}