{
  "inventorypets:inventorypets/root": {
    "criteria": {
      "auto": "2020-03-16 19:22:27 +0100"
    },
    "done": true
  },
  "astralsorcery:root": {
    "criteria": {
      "astralsorcery_present": "2020-03-16 19:22:27 +0100"
    },
    "done": true
  },
  "iceandfire:iceandfire/root": {
    "criteria": {
      "tick": "2020-03-16 19:22:27 +0100"
    },
    "done": true
  },
  "twilightforest:alt/compat/tconstruct": {
    "criteria": {
      "book": "2020-03-16 19:22:26 +0100"
    },
    "done": true
  },
  "minecraft:adventure/adventuring_time": {
    "criteria": {
      "roofed_forest": "2020-03-16 19:22:27 +0100"
    },
    "done": false
  }
}