{"stat.walkOneCm":35775,"stat.killEntity.BrainyZombie":1,"stat.leaveGame":5,"stat.jump":274,"stat.fallOneCm":11076,"stat.entityKilledBy.abyssalcraft.demonchicken":1,"stat.crouchOneCm":111,"stat.pickup.lootbags.itemlootbag":1,"stat.pickup.minecraft.dirt":24,"stat.sprintOneCm":17452,"stat.pickup.minecraft.rotten_flesh":1,"stat.mineBlock.minecraft.leaves2":3,"stat.mineBlock.minecraft.log2":1,"stat.mobKills":1,"stat.pickup.minecraft.log2":7,"stat.mineBlock.minecraft.log":1,"stat.flyOneCm":36056,"stat.deaths":1,"stat.pickup.bewitchment.yew_wood":1,"stat.mineBlock.minecraft.leaves":3,"stat.playOneMinute":18532,"stat.pickup.thaumcraft.brain":1,"stat.sneakTime":107,"stat.damageDealt":280,"stat.timeSinceDeath":6535,"stat.mineBlock.minecraft.dirt":2}